{
  "cam1": {
    "K": [
      [
        629.0372594113076,
        0.0,
        646.114088526095
      ],
      [
        0.0,
        640.4590769805662,
        365.73611248105647
      ],
      [
        0.0,
        0.0,
        1.0
      ]
    ],
    "dist": [
      -0.2945031941033241,
      0.11565401550118479,
      0.0004958551341525403,
      0.00014156989937560535,
      -0.02162287972141826
    ],
    "R": [
      [
        0.9360771013914135,
        -0.34945170598951125,
        -0.040535977004012624
      ],
      [
        -0.12463835865651746,
        -0.22168429181616828,
        -0.9671201343749253
      ],
      [
        0.328975591498912,
        0.9103513497232726,
        -0.25106867637153957
      ]
    ],
    "t": [
      -12.925430032635086,
      142.20992745827664,
      432.64999986098604
    ]
  },
  "cam2": {
    "K": [
      [
        634.2184307076747,
        0.0,
        645.9136106015688
      ],
      [
        0.0,
        632.3263502797395,
        365.64752905088346
      ],
      [
        0.0,
        0.0,
        1.0
      ]
    ],
    "dist": [
      -0.29319098869673643,
      0.1162199618592228,
      0.0004958551347283027,
      0.00014156989958391655,
      -0.021622879721381275
    ],
    "R": [
      [
        0.7930146958738793,
        0.4689950644411346,
        0.38880756378691433
      ],
      [
        0.5107148269778009,
        -0.1638723816593221,
        -0.8439882748204129
      ],
      [
        -0.33211151385204096,
        0.8678648927449237,
        -0.36947594009319207
      ]
    ],
    "t": [
      -26.704634838424397,
      119.57965485616809,
      451.55631482604576
    ]
  },
  "cam3": {
    "K": [
      [
        634.401554539878,
        0.0,
        645.7487722639528
      ],
      [
        0.0,
        630.7665819210399,
        367.60854315074045
      ],
      [
        0.0,
        0.0,
        1.0
      ]
    ],
    "dist": [
      -0.2960302929306778,
      0.11332882792073033,
      0.0004958551357615094,
      0.00014156989930770068,
      -0.0216228797217112
    ],
    "R": [
      [
        -0.9358589601546017,
        -0.34906560651783536,
        0.04817892739241751
      ],
      [
        -0.11297465526229979,
        0.16771856738911842,
        -0.9793401908536724
      ],
      [
        0.333773477027029,
        -0.921967290362992,
        -0.19639649063567796
      ]
    ],
    "t": [
      242.22515122334207,
      48.0421496034113,
      1103.9161172817683
    ]
  },
  "cam4": {
    "K": [
      [
        637.8217350943479,
        0.0,
        646.2445301746069
      ],
      [
        0.0,
        633.9403896022806,
        367.02675622593887
      ],
      [
        0.0,
        0.0,
        1.0
      ]
    ],
    "dist": [
      -0.29403872543433385,
      0.11436485053390978,
      0.0004958551355795921,
      0.0001415698996692399,
      -0.021622879721636075
    ],
    "R": [
      [
        -0.9802712912892347,
        0.19671387523632397,
        -0.019283328645350324
      ],
      [
        0.044714264301892626,
        0.12567033821123477,
        -0.9910638731493617
      ],
      [
        -0.19253267266123203,
        -0.9723737025359036,
        -0.1319869409242485
      ]
    ],
    "t": [
      -170.51233666259833,
      103.50925626261522,
      1138.7130925670313
    ]
  }
}